<?xml version="1.0" encoding="utf-8" standalone="yes"?>
<rss version="2.0" xmlns:atom="http://www.w3.org/2005/Atom">
  <channel>
    <title>Community on DAHRSE-Midlands</title>
    <link>https://dahrse-midlands.github.io/categories/community/</link>
    <description>Recent content in Community on DAHRSE-Midlands</description>
    <generator>Hugo -- gohugo.io</generator>
    <language>en-us</language>
    <lastBuildDate>Sat, 25 Jan 2025 19:06:26 +0000</lastBuildDate><atom:link href="https://dahrse-midlands.github.io/categories/community/index.xml" rel="self" type="application/rss+xml" />
    <item>
      <title>DAHRSE-Midlands Community Showcase</title>
      <link>https://dahrse-midlands.github.io/communitynetwork/dahrse-midlands-community-showcase/</link>
      <pubDate>Sat, 25 Jan 2025 19:06:26 +0000</pubDate>
      
      <guid>https://dahrse-midlands.github.io/communitynetwork/dahrse-midlands-community-showcase/</guid>
      <description>A short summary of the content</description>
    </item>
    
    <item>
      <title>DAHRSE-Midlands at the RSE Midlands 2025</title>
      <link>https://dahrse-midlands.github.io/events/rse-midlands-2025/</link>
      <pubDate>Sat, 25 Jan 2025 18:06:26 +0000</pubDate>
      
      <guid>https://dahrse-midlands.github.io/events/rse-midlands-2025/</guid>
      <description>DAHRSE-Midlands will participate in the Software Sustainability Institute (SSI) session at the RSE Midlands 2025 Conference.</description>
    </item>
    
    <item>
      <title>SSI Inaugural Meeting: Announcing New Fellows on January 30, 2025</title>
      <link>https://dahrse-midlands.github.io/events/ssi-inaugural-meeting/</link>
      <pubDate>Sat, 25 Jan 2025 18:02:26 +0000</pubDate>
      
      <guid>https://dahrse-midlands.github.io/events/ssi-inaugural-meeting/</guid>
      <description>SSI Inaugural Meeting: Announcing New Fellows on January 30, 2025</description>
    </item>
    
  </channel>
</rss>
