<?xml version="1.0" encoding="utf-8" standalone="yes"?>
<rss version="2.0" xmlns:atom="http://www.w3.org/2005/Atom">
  <channel>
    <title>Tags on DAHRSE-Midlands</title>
    <link>https://dahrse-midlands.github.io/tags/</link>
    <description>Recent content in Tags on DAHRSE-Midlands</description>
    <generator>Hugo -- gohugo.io</generator>
    <language>en-us</language>
    <lastBuildDate>Sat, 25 Jan 2025 19:06:26 +0000</lastBuildDate><atom:link href="https://dahrse-midlands.github.io/tags/index.xml" rel="self" type="application/rss+xml" />
    <item>
      <title>Community</title>
      <link>https://dahrse-midlands.github.io/tags/community/</link>
      <pubDate>Sat, 25 Jan 2025 19:06:26 +0000</pubDate>
      
      <guid>https://dahrse-midlands.github.io/tags/community/</guid>
      <description></description>
    </item>
    
    <item>
      <title>DAHRSE</title>
      <link>https://dahrse-midlands.github.io/tags/dahrse/</link>
      <pubDate>Sat, 25 Jan 2025 19:06:26 +0000</pubDate>
      
      <guid>https://dahrse-midlands.github.io/tags/dahrse/</guid>
      <description></description>
    </item>
    
    <item>
      <title>Midlands</title>
      <link>https://dahrse-midlands.github.io/tags/midlands/</link>
      <pubDate>Sat, 25 Jan 2025 19:06:26 +0000</pubDate>
      
      <guid>https://dahrse-midlands.github.io/tags/midlands/</guid>
      <description></description>
    </item>
    
    <item>
      <title>Network</title>
      <link>https://dahrse-midlands.github.io/tags/network/</link>
      <pubDate>Sat, 25 Jan 2025 19:06:26 +0000</pubDate>
      
      <guid>https://dahrse-midlands.github.io/tags/network/</guid>
      <description></description>
    </item>
    
    <item>
      <title>DAHRSE at RSE Midlands 2025</title>
      <link>https://dahrse-midlands.github.io/tags/dahrse-at-rse-midlands-2025/</link>
      <pubDate>Sat, 25 Jan 2025 18:06:26 +0000</pubDate>
      
      <guid>https://dahrse-midlands.github.io/tags/dahrse-at-rse-midlands-2025/</guid>
      <description></description>
    </item>
    
    <item>
      <title>SSI Fellows</title>
      <link>https://dahrse-midlands.github.io/tags/ssi-fellows/</link>
      <pubDate>Sat, 25 Jan 2025 18:06:26 +0000</pubDate>
      
      <guid>https://dahrse-midlands.github.io/tags/ssi-fellows/</guid>
      <description></description>
    </item>
    
    <item>
      <title>Inaugural</title>
      <link>https://dahrse-midlands.github.io/tags/inaugural/</link>
      <pubDate>Sat, 25 Jan 2025 18:02:26 +0000</pubDate>
      
      <guid>https://dahrse-midlands.github.io/tags/inaugural/</guid>
      <description></description>
    </item>
    
    <item>
      <title>SSI</title>
      <link>https://dahrse-midlands.github.io/tags/ssi/</link>
      <pubDate>Sat, 25 Jan 2025 18:02:26 +0000</pubDate>
      
      <guid>https://dahrse-midlands.github.io/tags/ssi/</guid>
      <description></description>
    </item>
    
  </channel>
</rss>
