<?xml version="1.0" encoding="utf-8" standalone="yes"?>
<rss version="2.0" xmlns:atom="http://www.w3.org/2005/Atom">
  <channel>
    <title>Categories on DAHRSE-Midlands</title>
    <link>https://dahrse-midlands.github.io/categories/</link>
    <description>Recent content in Categories on DAHRSE-Midlands</description>
    <generator>Hugo -- gohugo.io</generator>
    <language>en-us</language>
    <lastBuildDate>Sat, 25 Jan 2025 19:06:26 +0000</lastBuildDate><atom:link href="https://dahrse-midlands.github.io/categories/index.xml" rel="self" type="application/rss+xml" />
    <item>
      <title>Community</title>
      <link>https://dahrse-midlands.github.io/categories/community/</link>
      <pubDate>Sat, 25 Jan 2025 19:06:26 +0000</pubDate>
      
      <guid>https://dahrse-midlands.github.io/categories/community/</guid>
      <description></description>
    </item>
    
    <item>
      <title>SSI</title>
      <link>https://dahrse-midlands.github.io/categories/ssi/</link>
      <pubDate>Sat, 25 Jan 2025 18:06:26 +0000</pubDate>
      
      <guid>https://dahrse-midlands.github.io/categories/ssi/</guid>
      <description></description>
    </item>
    
  </channel>
</rss>
