<?xml version="1.0" encoding="utf-8" standalone="yes"?>
<rss version="2.0" xmlns:atom="http://www.w3.org/2005/Atom">
  <channel>
    <title>Inaugural on DAHRSE-Midlands</title>
    <link>https://dahrse-midlands.github.io/tags/inaugural/</link>
    <description>Recent content in Inaugural on DAHRSE-Midlands</description>
    <generator>Hugo -- gohugo.io</generator>
    <language>en-us</language>
    <lastBuildDate>Sat, 25 Jan 2025 18:02:26 +0000</lastBuildDate><atom:link href="https://dahrse-midlands.github.io/tags/inaugural/index.xml" rel="self" type="application/rss+xml" />
    <item>
      <title>SSI Inaugural Meeting: Announcing New Fellows on January 30, 2025</title>
      <link>https://dahrse-midlands.github.io/events/ssi-inaugural-meeting/</link>
      <pubDate>Sat, 25 Jan 2025 18:02:26 +0000</pubDate>
      
      <guid>https://dahrse-midlands.github.io/events/ssi-inaugural-meeting/</guid>
      <description>SSI Inaugural Meeting: Announcing New Fellows on January 30, 2025</description>
    </item>
    
  </channel>
</rss>
