<?xml version="1.0" encoding="utf-8" standalone="yes"?>
<rss version="2.0" xmlns:atom="http://www.w3.org/2005/Atom">
  <channel>
    <title>DAHRSE on DAHRSE-Midlands</title>
    <link>https://dahrse-midlands.github.io/tags/dahrse/</link>
    <description>Recent content in DAHRSE on DAHRSE-Midlands</description>
    <generator>Hugo -- gohugo.io</generator>
    <language>en-us</language>
    <lastBuildDate>Sat, 25 Jan 2025 19:06:26 +0000</lastBuildDate><atom:link href="https://dahrse-midlands.github.io/tags/dahrse/index.xml" rel="self" type="application/rss+xml" />
    <item>
      <title>DAHRSE-Midlands Community Showcase</title>
      <link>https://dahrse-midlands.github.io/communitynetwork/dahrse-midlands-community-showcase/</link>
      <pubDate>Sat, 25 Jan 2025 19:06:26 +0000</pubDate>
      
      <guid>https://dahrse-midlands.github.io/communitynetwork/dahrse-midlands-community-showcase/</guid>
      <description>A short summary of the content</description>
    </item>
    
  </channel>
</rss>
